NumIters,Seconds,LearningRate,accuracy,loss
0.0,3.576765,0.0001,0.0,84.2345
1000.0,108.560594,0.0001,0.3945,1.69816
2000.0,209.395809,0.0001,0.4258,1.62128
3000.0,315.618146,0.0001,0.449,1.57729
4000.0,412.649894,0.0001,0.4599,1.55704
5000.0,512.386508,0.0001,0.468,1.56054
6000.0,609.347086,0.0001,0.4693,1.56878
7000.0,709.371428,0.0001,0.4731,1.5922
8000.0,807.088092,0.0001,0.4708,1.63352
9000.0,906.318604,0.0001,0.4747,1.67753
10000.0,1000.416173,0.0001,0.4683,1.75799
